{"timestamp": 1767759773.5014634, "bids": [["92796.69000000", "4.63295000"], ["92796.68000000", "0.01664000"], ["92796.67000000", "0.33838000"], ["92796.66000000", "0.71784000"], ["92796.65000000", "0.05015000"], ["92796.61000000", "0.00012000"], ["92796.60000000", "0.05999000"], ["92796.00000000", "0.00006000"], ["92795.98000000", "0.02286000"], ["92795.57000000", "0.00006000"], ["92795.48000000", "0.00006000"], ["92795.36000000", "0.00250000"], ["92794.64000000", "0.00006000"], ["92793.54000000", "0.00921000"], ["92793.12000000", "0.03523000"]], "asks": [["92796.70000000", "2.79119000"], ["92796.71000000", "0.00036000"], ["92796.97000000", "0.00006000"], ["92796.98000000", "0.00100000"], ["92797.17000000", "0.00006000"], ["92797.18000000", "0.00050000"], ["92797.19000000", "0.00062000"], ["92797.25000000", "0.00012000"], ["92797.26000000", "0.03454000"], ["92797.45000000", "0.00006000"], ["92797.60000000", "0.00006000"], ["92797.80000000", "0.00018000"], ["92797.81000000", "0.11896000"], ["92797.82000000", "0.35596000"], ["92798.00000000", "0.01058000"]], "mid_price": 92796.695}