{"timestamp": 1767759557.6983747, "bids": [["92741.74000000", "0.49119000"], ["92741.73000000", "0.00193000"], ["92741.72000000", "0.00125000"], ["92741.65000000", "0.00006000"], ["92741.60000000", "0.00083000"], ["92741.28000000", "0.00006000"], ["92741.24000000", "0.00209000"], ["92741.08000000", "0.00006000"], ["92740.86000000", "0.00006000"], ["92739.88000000", "0.00172000"], ["92739.23000000", "0.00006000"], ["92739.06000000", "0.00012000"], ["92739.05000000", "0.03587000"], ["92738.70000000", "0.00063000"], ["92738.24000000", "0.00006000"]], "asks": [["92741.75000000", "6.89400000"], ["92741.79000000", "0.04701000"], ["92741.80000000", "0.05021000"], ["92741.83000000", "0.01167000"], ["92741.84000000", "0.00974000"], ["92742.00000000", "0.00250000"], ["92742.25000000", "0.00006000"], ["92742.30000000", "0.00006000"], ["92742.76000000", "0.02458000"], ["92742.92000000", "0.00006000"], ["92743.97000000", "0.00006000"], ["92744.32000000", "0.05575000"], ["92744.79000000", "0.00006000"], ["92745.02000000", "0.00006000"], ["92745.25000000", "0.00006000"]], "mid_price": 92741.745}