Model,Type,RMSE,MAE,Accuracy,F1
RF_Reg,Regression,9478.75139715989,9194.393890081568,,
XGB_Reg,Regression,11225.673049664263,10993.983122830476,,
LR_Cls,Classification,,,0.5033555321282559,0.2779169314740738
XGB_Cls,Classification,,,0.5024555809827467,0.5256887930189235
LSTM_Reg,Regression,88746.6044871577,88721.9453125,,
GRU_Cls,Classification,,,0.5039015219798615,0.17878762042799898
Transformer_Reg,Regression,1529.0462713731067,1196.38037109375,,
